{
  "arch": "x86_64",
  "build": "h2bbff1b_0",
  "build_number": 0,
  "channel": "https://repo.anaconda.com/pkgs/main/win-64",
  "constrains": [],
  "depends": [
    "vc >=14.1,<15.0a0",
    "vs2015_runtime >=14.16.27012,<15.0a0"
  ],
  "extracted_package_dir": "C:\\Users\\cgeis\\anaconda3\\pkgs\\sqlite-3.36.0-h2bbff1b_0",
  "features": "",
  "files": [
    "Library/bin/sqlite3.dll",
    "Library/bin/sqlite3.exe",
    "Library/include/sqlite3.h",
    "Library/include/sqlite3ext.h",
    "Library/lib/sqlite3.lib",
    ".nonadmin"
  ],
  "fn": "sqlite-3.36.0-h2bbff1b_0.conda",
  "legacy_bz2_md5": "a796ee938759833bb04050ed68bb8c4a",
  "legacy_bz2_size": 1257509,
  "license": "Public-Domain (http://www.sqlite.org/copyright.html)",
  "link": {
    "source": "C:\\Users\\cgeis\\anaconda3\\pkgs\\sqlite-3.36.0-h2bbff1b_0",
    "type": 1
  },
  "md5": "c3e274e26ab6e475821cbe70d98f927c",
  "name": "sqlite",
  "package_tarball_full_path": "C:\\Users\\cgeis\\anaconda3\\pkgs\\sqlite-3.36.0-h2bbff1b_0.conda",
  "paths_data": {
    "paths": [
      {
        "_path": "Library/bin/sqlite3.dll",
        "path_type": "hardlink",
        "sha256": "73b9d64edc326ebbaa86cf62d79bd287525bce192e4289de5dad16004dc22eff",
        "sha256_in_prefix": "73b9d64edc326ebbaa86cf62d79bd287525bce192e4289de5dad16004dc22eff",
        "size_in_bytes": 1408000
      },
      {
        "_path": "Library/bin/sqlite3.exe",
        "path_type": "hardlink",
        "sha256": "7cb53233baefb53ef311b71af9653c7840f54bd14427b34606e1115ff1c7fc95",
        "sha256_in_prefix": "7cb53233baefb53ef311b71af9653c7840f54bd14427b34606e1115ff1c7fc95",
        "size_in_bytes": 1754112
      },
      {
        "_path": "Library/include/sqlite3.h",
        "path_type": "hardlink",
        "sha256": "5ac967d80791752b5ede06593ab64e038f87a5c5a3221f60c7c69a46d7448b51",
        "sha256_in_prefix": "5ac967d80791752b5ede06593ab64e038f87a5c5a3221f60c7c69a46d7448b51",
        "size_in_bytes": 588944
      },
      {
        "_path": "Library/include/sqlite3ext.h",
        "path_type": "hardlink",
        "sha256": "5be8b74802530d9e8fd1c767a21fda2b31a51476cf1c9a26b25b49903ffbe112",
        "sha256_in_prefix": "5be8b74802530d9e8fd1c767a21fda2b31a51476cf1c9a26b25b49903ffbe112",
        "size_in_bytes": 35437
      },
      {
        "_path": "Library/lib/sqlite3.lib",
        "path_type": "hardlink",
        "sha256": "a6cfef090bf406b4436032718c4f5502698e5a6f695d07853ea73ec18b8aa7d0",
        "sha256_in_prefix": "a6cfef090bf406b4436032718c4f5502698e5a6f695d07853ea73ec18b8aa7d0",
        "size_in_bytes": 64278
      }
    ],
    "paths_version": 1
  },
  "platform": "win32",
  "requested_spec": "defaults/win-64::sqlite==3.36.0=h2bbff1b_0",
  "sha256": "7894a325bba3ef42d61203bed995335e61bcd301a955c804366ff697787a94a3",
  "size": 798234,
  "subdir": "win-64",
  "timestamp": 1624470657977,
  "track_features": "",
  "url": "https://repo.anaconda.com/pkgs/main/win-64/sqlite-3.36.0-h2bbff1b_0.conda",
  "version": "3.36.0"
}