{
  "build": "pyhd3eb1b0_1",
  "build_number": 1,
  "channel": "https://repo.anaconda.com/pkgs/main/noarch",
  "constrains": [],
  "depends": [
    "python"
  ],
  "extracted_package_dir": "C:\\Users\\cgeis\\anaconda3\\pkgs\\wheel-0.37.0-pyhd3eb1b0_1",
  "features": "",
  "files": [
    "Lib/site-packages/wheel-0.37.0-py3.9.egg-info/PKG-INFO",
    "Lib/site-packages/wheel-0.37.0-py3.9.egg-info/SOURCES.txt",
    "Lib/site-packages/wheel-0.37.0-py3.9.egg-info/dependency_links.txt",
    "Lib/site-packages/wheel-0.37.0-py3.9.egg-info/entry_points.txt",
    "Lib/site-packages/wheel-0.37.0-py3.9.egg-info/not-zip-safe",
    "Lib/site-packages/wheel-0.37.0-py3.9.egg-info/requires.txt",
    "Lib/site-packages/wheel-0.37.0-py3.9.egg-info/top_level.txt",
    "Lib/site-packages/wheel/__init__.py",
    "Lib/site-packages/wheel/__main__.py",
    "Lib/site-packages/wheel/bdist_wheel.py",
    "Lib/site-packages/wheel/cli/__init__.py",
    "Lib/site-packages/wheel/cli/convert.py",
    "Lib/site-packages/wheel/cli/pack.py",
    "Lib/site-packages/wheel/cli/unpack.py",
    "Lib/site-packages/wheel/macosx_libfile.py",
    "Lib/site-packages/wheel/metadata.py",
    "Lib/site-packages/wheel/pkginfo.py",
    "Lib/site-packages/wheel/util.py",
    "Lib/site-packages/wheel/vendored/__init__.py",
    "Lib/site-packages/wheel/vendored/packaging/__init__.py",
    "Lib/site-packages/wheel/vendored/packaging/_typing.py",
    "Lib/site-packages/wheel/vendored/packaging/tags.py",
    "Lib/site-packages/wheel/wheelfile.py",
    ".nonadmin",
    "Lib/site-packages/wheel/__pycache__/__init__.cpython-36.pyc",
    "Lib/site-packages/wheel/__pycache__/__main__.cpython-36.pyc",
    "Lib/site-packages/wheel/__pycache__/bdist_wheel.cpython-36.pyc",
    "Lib/site-packages/wheel/cli/__pycache__/__init__.cpython-36.pyc",
    "Lib/site-packages/wheel/cli/__pycache__/convert.cpython-36.pyc",
    "Lib/site-packages/wheel/cli/__pycache__/pack.cpython-36.pyc",
    "Lib/site-packages/wheel/cli/__pycache__/unpack.cpython-36.pyc",
    "Lib/site-packages/wheel/__pycache__/macosx_libfile.cpython-36.pyc",
    "Lib/site-packages/wheel/__pycache__/metadata.cpython-36.pyc",
    "Lib/site-packages/wheel/__pycache__/pkginfo.cpython-36.pyc",
    "Lib/site-packages/wheel/__pycache__/util.cpython-36.pyc",
    "Lib/site-packages/wheel/vendored/__pycache__/__init__.cpython-36.pyc",
    "Lib/site-packages/wheel/vendored/packaging/__pycache__/__init__.cpython-36.pyc",
    "Lib/site-packages/wheel/vendored/packaging/__pycache__/_typing.cpython-36.pyc",
    "Lib/site-packages/wheel/vendored/packaging/__pycache__/tags.cpython-36.pyc",
    "Lib/site-packages/wheel/__pycache__/wheelfile.cpython-36.pyc",
    "Scripts/wheel-script.py",
    "Scripts/wheel.exe"
  ],
  "fn": "wheel-0.37.0-pyhd3eb1b0_1.conda",
  "legacy_bz2_md5": "df67d909e48e4bc8ea0792ece2cae16d",
  "legacy_bz2_size": 31803,
  "license": "MIT",
  "license_family": "MIT",
  "link": {
    "source": "C:\\Users\\cgeis\\anaconda3\\pkgs\\wheel-0.37.0-pyhd3eb1b0_1",
    "type": 1
  },
  "md5": "a77f79d0c4c9875232459802b5eb5b20",
  "name": "wheel",
  "noarch": "python",
  "package_tarball_full_path": "C:\\Users\\cgeis\\anaconda3\\pkgs\\wheel-0.37.0-pyhd3eb1b0_1.conda",
  "package_type": "noarch_python",
  "paths_data": {
    "paths": [
      {
        "_path": "site-packages/wheel-0.37.0-py3.9.egg-info/PKG-INFO",
        "path_type": "hardlink",
        "sha256": "c47470670bda24ed2790b35ff29da72227319cfafa2a4fc156398c5f183e40cc",
        "sha256_in_prefix": "c47470670bda24ed2790b35ff29da72227319cfafa2a4fc156398c5f183e40cc",
        "size_in_bytes": 2509
      },
      {
        "_path": "site-packages/wheel-0.37.0-py3.9.egg-info/SOURCES.txt",
        "path_type": "hardlink",
        "sha256": "606545593a15c5cb56fb6f6d17778e78ba0e7404af722c4bc0d33f31e4f067b4",
        "sha256_in_prefix": "606545593a15c5cb56fb6f6d17778e78ba0e7404af722c4bc0d33f31e4f067b4",
        "size_in_bytes": 2090
      },
      {
        "_path": "site-packages/wheel-0.37.0-py3.9.egg-info/dependency_links.txt",
        "path_type": "hardlink",
        "sha256": "01ba4719c80b6fe911b091a7c05124b64eeece964e09c058ef8f9805daca546b",
        "sha256_in_prefix": "01ba4719c80b6fe911b091a7c05124b64eeece964e09c058ef8f9805daca546b",
        "size_in_bytes": 1
      },
      {
        "_path": "site-packages/wheel-0.37.0-py3.9.egg-info/entry_points.txt",
        "path_type": "hardlink",
        "sha256": "37c1db605493df2acd418781db05d60443d4845b04b4a3513da0851893f2ab27",
        "sha256_in_prefix": "37c1db605493df2acd418781db05d60443d4845b04b4a3513da0851893f2ab27",
        "size_in_bytes": 108
      },
      {
        "_path": "site-packages/wheel-0.37.0-py3.9.egg-info/not-zip-safe",
        "path_type": "hardlink",
        "sha256": "01ba4719c80b6fe911b091a7c05124b64eeece964e09c058ef8f9805daca546b",
        "sha256_in_prefix": "01ba4719c80b6fe911b091a7c05124b64eeece964e09c058ef8f9805daca546b",
        "size_in_bytes": 1
      },
      {
        "_path": "site-packages/wheel-0.37.0-py3.9.egg-info/requires.txt",
        "path_type": "hardlink",
        "sha256": "ed39738d628f8c7ad4a82ba62ae1b32f2fb9ec2bf5b3b7121eaea76a31fcceeb",
        "sha256_in_prefix": "ed39738d628f8c7ad4a82ba62ae1b32f2fb9ec2bf5b3b7121eaea76a31fcceeb",
        "size_in_bytes": 33
      },
      {
        "_path": "site-packages/wheel-0.37.0-py3.9.egg-info/top_level.txt",
        "path_type": "hardlink",
        "sha256": "1f148121b804b2d30f7b87856b0840eba32af90607328a5756802771f8dbff57",
        "sha256_in_prefix": "1f148121b804b2d30f7b87856b0840eba32af90607328a5756802771f8dbff57",
        "size_in_bytes": 6
      },
      {
        "_path": "site-packages/wheel/__init__.py",
        "path_type": "hardlink",
        "sha256": "17e6a476b7cb501b301a4d32c2a4f9db3684464227e50884adddde6ff331290b",
        "sha256_in_prefix": "17e6a476b7cb501b301a4d32c2a4f9db3684464227e50884adddde6ff331290b",
        "size_in_bytes": 23
      },
      {
        "_path": "site-packages/wheel/__main__.py",
        "path_type": "hardlink",
        "sha256": "945f982cee217509a85ae87879665df182f553de5149d9bbeac34b0576b4be31",
        "sha256_in_prefix": "945f982cee217509a85ae87879665df182f553de5149d9bbeac34b0576b4be31",
        "size_in_bytes": 417
      },
      {
        "_path": "site-packages/wheel/bdist_wheel.py",
        "path_type": "hardlink",
        "sha256": "daf7efde0fdbf01bd9e43a3d6e92c405dbbd75011cbe8310d5f957a4a6052435",
        "sha256_in_prefix": "daf7efde0fdbf01bd9e43a3d6e92c405dbbd75011cbe8310d5f957a4a6052435",
        "size_in_bytes": 19075
      },
      {
        "_path": "site-packages/wheel/cli/__init__.py",
        "path_type": "hardlink",
        "sha256": "1964a8194a5169b4dff1b93716c3533eb73916cafc60ebf6757e79898d96ede6",
        "sha256_in_prefix": "1964a8194a5169b4dff1b93716c3533eb73916cafc60ebf6757e79898d96ede6",
        "size_in_bytes": 2572
      },
      {
        "_path": "site-packages/wheel/cli/convert.py",
        "path_type": "hardlink",
        "sha256": "ec5e2f8f6dc0d8e8210c35a7f605f657efd37973336b56b99c87a39851845093",
        "sha256_in_prefix": "ec5e2f8f6dc0d8e8210c35a7f605f657efd37973336b56b99c87a39851845093",
        "size_in_bytes": 9498
      },
      {
        "_path": "site-packages/wheel/cli/pack.py",
        "path_type": "hardlink",
        "sha256": "4be275888cb518f0d34c3767fbf4b0c466bb37bdbd878899348d75103142a9f0",
        "sha256_in_prefix": "4be275888cb518f0d34c3767fbf4b0c466bb37bdbd878899348d75103142a9f0",
        "size_in_bytes": 3208
      },
      {
        "_path": "site-packages/wheel/cli/unpack.py",
        "path_type": "hardlink",
        "sha256": "d155b34fb53fc727a74cfc0455abf1aaf75e7bddc63ef0051e747752ef756917",
        "sha256_in_prefix": "d155b34fb53fc727a74cfc0455abf1aaf75e7bddc63ef0051e747752ef756917",
        "size_in_bytes": 673
      },
      {
        "_path": "site-packages/wheel/macosx_libfile.py",
        "path_type": "hardlink",
        "sha256": "5efa7e22b172449f514e122b3f17c4a5508319f96324f5914d98b2a2993bd212",
        "sha256_in_prefix": "5efa7e22b172449f514e122b3f17c4a5508319f96324f5914d98b2a2993bd212",
        "size_in_bytes": 15930
      },
      {
        "_path": "site-packages/wheel/metadata.py",
        "path_type": "hardlink",
        "sha256": "6f790f8599f6c360fdc1e9e096d5f99c621943711150e43953e2b9bc728f75e8",
        "sha256_in_prefix": "6f790f8599f6c360fdc1e9e096d5f99c621943711150e43953e2b9bc728f75e8",
        "size_in_bytes": 4344
      },
      {
        "_path": "site-packages/wheel/pkginfo.py",
        "path_type": "hardlink",
        "sha256": "191efa92ea50ce7d71f6c283697b84e81e85b19e0e91f46d1bba677655cfbd0e",
        "sha256_in_prefix": "191efa92ea50ce7d71f6c283697b84e81e85b19e0e91f46d1bba677655cfbd0e",
        "size_in_bytes": 1257
      },
      {
        "_path": "site-packages/wheel/util.py",
        "path_type": "hardlink",
        "sha256": "9a73599090a2f431cb23fab8953b9da03d265bdee1fc0a005a5ee9acd3cb5c97",
        "sha256_in_prefix": "9a73599090a2f431cb23fab8953b9da03d265bdee1fc0a005a5ee9acd3cb5c97",
        "size_in_bytes": 938
      },
      {
        "_path": "site-packages/wheel/vendored/__init__.py",
        "path_type": "hardlink",
        "sha256": "e3b0c44298fc1c149afbf4c8996fb92427ae41e4649b934ca495991b7852b855",
        "sha256_in_prefix": "e3b0c44298fc1c149afbf4c8996fb92427ae41e4649b934ca495991b7852b855",
        "size_in_bytes": 0
      },
      {
        "_path": "site-packages/wheel/vendored/packaging/__init__.py",
        "path_type": "hardlink",
        "sha256": "e3b0c44298fc1c149afbf4c8996fb92427ae41e4649b934ca495991b7852b855",
        "sha256_in_prefix": "e3b0c44298fc1c149afbf4c8996fb92427ae41e4649b934ca495991b7852b855",
        "size_in_bytes": 0
      },
      {
        "_path": "site-packages/wheel/vendored/packaging/_typing.py",
        "path_type": "hardlink",
        "sha256": "c79f44850e7b4cc4fe9134722d9576e4766f6061b06ee713a3a88a87f3b4b4cc",
        "sha256_in_prefix": "c79f44850e7b4cc4fe9134722d9576e4766f6061b06ee713a3a88a87f3b4b4cc",
        "size_in_bytes": 1812
      },
      {
        "_path": "site-packages/wheel/vendored/packaging/tags.py",
        "path_type": "hardlink",
        "sha256": "9e80ef03efaf54a54a960e3d5ccb99e7f1298bce635bb80c38a7e21ae276b2a5",
        "sha256_in_prefix": "9e80ef03efaf54a54a960e3d5ccb99e7f1298bce635bb80c38a7e21ae276b2a5",
        "size_in_bytes": 29560
      },
      {
        "_path": "site-packages/wheel/wheelfile.py",
        "path_type": "hardlink",
        "sha256": "eca80e2b5ce7ae8f83f007a580d104e2383a7c361763f06ee9cadda8b6f61104",
        "sha256_in_prefix": "eca80e2b5ce7ae8f83f007a580d104e2383a7c361763f06ee9cadda8b6f61104",
        "size_in_bytes": 7336
      },
      {
        "_path": "Lib/site-packages/wheel/__pycache__/__init__.cpython-36.pyc",
        "path_type": "pyc_file"
      },
      {
        "_path": "Lib/site-packages/wheel/__pycache__/__main__.cpython-36.pyc",
        "path_type": "pyc_file"
      },
      {
        "_path": "Lib/site-packages/wheel/__pycache__/bdist_wheel.cpython-36.pyc",
        "path_type": "pyc_file"
      },
      {
        "_path": "Lib/site-packages/wheel/cli/__pycache__/__init__.cpython-36.pyc",
        "path_type": "pyc_file"
      },
      {
        "_path": "Lib/site-packages/wheel/cli/__pycache__/convert.cpython-36.pyc",
        "path_type": "pyc_file"
      },
      {
        "_path": "Lib/site-packages/wheel/cli/__pycache__/pack.cpython-36.pyc",
        "path_type": "pyc_file"
      },
      {
        "_path": "Lib/site-packages/wheel/cli/__pycache__/unpack.cpython-36.pyc",
        "path_type": "pyc_file"
      },
      {
        "_path": "Lib/site-packages/wheel/__pycache__/macosx_libfile.cpython-36.pyc",
        "path_type": "pyc_file"
      },
      {
        "_path": "Lib/site-packages/wheel/__pycache__/metadata.cpython-36.pyc",
        "path_type": "pyc_file"
      },
      {
        "_path": "Lib/site-packages/wheel/__pycache__/pkginfo.cpython-36.pyc",
        "path_type": "pyc_file"
      },
      {
        "_path": "Lib/site-packages/wheel/__pycache__/util.cpython-36.pyc",
        "path_type": "pyc_file"
      },
      {
        "_path": "Lib/site-packages/wheel/vendored/__pycache__/__init__.cpython-36.pyc",
        "path_type": "pyc_file"
      },
      {
        "_path": "Lib/site-packages/wheel/vendored/packaging/__pycache__/__init__.cpython-36.pyc",
        "path_type": "pyc_file"
      },
      {
        "_path": "Lib/site-packages/wheel/vendored/packaging/__pycache__/_typing.cpython-36.pyc",
        "path_type": "pyc_file"
      },
      {
        "_path": "Lib/site-packages/wheel/vendored/packaging/__pycache__/tags.cpython-36.pyc",
        "path_type": "pyc_file"
      },
      {
        "_path": "Lib/site-packages/wheel/__pycache__/wheelfile.cpython-36.pyc",
        "path_type": "pyc_file"
      },
      {
        "_path": "Scripts/wheel-script.py",
        "path_type": "windows_python_entry_point_script"
      },
      {
        "_path": "Scripts/wheel.exe",
        "path_type": "windows_python_entry_point_exe"
      }
    ],
    "paths_version": 1
  },
  "requested_spec": "defaults/noarch::wheel==0.37.0=pyhd3eb1b0_1",
  "sha256": "1802f7bc931d41b56fd39512f4eb528af98fc00f0182ff3d8f8e55b84093cac3",
  "size": 33452,
  "subdir": "noarch",
  "timestamp": 1629887259712,
  "track_features": "",
  "url": "https://repo.anaconda.com/pkgs/main/noarch/wheel-0.37.0-pyhd3eb1b0_1.conda",
  "version": "0.37.0"
}